SKU,File Name,Scope,Printer,Color,File Weight,FileTime,Print Qty,Print Weight,Total Print Hours
BG-003-1,CR10sPROMSv3-BB-MP-Burgle Bag Set v4-x1.gcode,Base,CR10sPro,Black,82,4.65,1,82,4.66
BG-003-1,CR10sPROMSv3-BB-MP-Cops and Robbers 2020 Set v8-x1.gcode,Base,CR10sPro,Black,50,3.383333333,1,50,3.4
BG-003-1,CR10sPROMSv3-Cops and Robbers 2020 Base v8-x1.gcode,Supplementary,CR10sPro,Black,30,1.95,1,30,1.95
BG-003-1,CR10sPROMSv3-Cops and Robbers 2020 Lid v8-x1.gcode,Supplementary,CR10sPro,Black,20,1.433333333,1,20,1.44
BG-014-1-BLU-PMG,CR10sPROMSv3-CSE-ScoreTrack-Pads-V2c-x1.gcode,Base,CR10sPRO,White,52,3.716666667,1,52,3.72
BG-014-1-BLU-PMG,CR10sPROMSv4-CSB-Base-6P-3cut-v1-x1.gcode,Base,CR10sPRO,Blue,114,6.95,1,114,6.96
BG-014-1-BLU-PMG,CR10sPROMSv4-CSB-Lid-v2-x1.gcode,Base,CR10sPRO,Blue,98,5.933333333,1,98,5.94
BG-014-1-BLU-PMG,CR10sPROMSv4-CSB-PlayerTray-v3-x1.gcode,Base,CR10sPRO,Grey,15,1,1,15,1.01
BG-014-1-BLU-PMG,CR10sPROMSv4-CSB-PlayerTray-v3-x1.gcode,Base,CR10sPRO,Red,15,1,1,15,1.01
BG-014-1-BLU-PMG,CR10sPROMSv4-CSB-PlayerTray-v3-x1.gcode,Base,CR10sPRO,Black,15,1,1,15,1.01
BG-014-1-BLU-PMG,CR10sPROMSv4-CSB-PlayerTray-v3-x1.gcode,Base,CR10sPRO,Blue,15,1,1,15,1.01
BG-014-1-BLU-PMG,CR10sPROMSv4-CSB-PlayerTray-v3-x1.gcode,Base,CR10sPRO,Yellow,15,1,1,15,1.01
BG-014-1-BLU-PMG,CR10sPROMSv4-CSB-PlayerTray-v3-x1.gcode,Base,CR10sPRO,Green,15,1,1,15,1.01
BG-014-1-BLU-PMG,CR10sPROMSv4-CSE-ScoreTrack-Frame-x1-cc20.gcode,Base,CR10sPRO,Grey/Blue,24,2.016666667,1,24,2.03
BG-014-1-BLU-PMG,CR10sPROMSv4-CSE-MP-Score-100-050-short-v4-shortlayer-x5.gcode,Supplementary,CR10sPRO,White/Black,10,1.55,1,10,1.56
BG-014-1-BLU-PMG,CR10sPROMSv4-CSE-MP-Score-100-050-short-v4-shortlayer-x5.gcode,Supplementary,CR10sPRO,White/Blue,10,1.55,1,10,1.56
BG-014-1-BLU-PMG,CR10sPROMSv4-CSE-MP-Score-100-050-short-v4-shortlayer-x5.gcode,Supplementary,CR10sPRO,White/Green,10,1.55,1,10,1.56
BG-014-1-BLU-PMG,CR10sPROMSv4-CSE-MP-Score-100-050-short-v4-shortlayer-x5.gcode,Supplementary,CR10sPRO,White/Grey,10,1.55,1,10,1.56
BG-014-1-BLU-PMG,CR10sPROMSv4-CSE-MP-Score-100-050-short-v4-shortlayer-x5.gcode,Supplementary,CR10sPRO,White/Red,10,1.55,1,10,1.56
BG-014-1-BLU-PMG,CR10sPROMSv4-CSE-MP-Score-100-050-short-v4-shortlayer-x5.gcode,Supplementary,CR10sPRO,White/Yellow,10,1.55,1,10,1.56
BG-014-1-BLU-PMG,CR10sPROMSv4-CSE-ScoreMarker-x6.gcode,Supplementary,CR10sPRO,Black,5,0.366666667,1,5,0.37
BG-014-1-BLU-PMG,CR10sPROMSv4-CSE-ScoreMarker-x6.gcode,Supplementary,CR10sPRO,Blue,5,0.366666667,1,5,0.37
BG-014-1-BLU-PMG,CR10sPROMSv4-CSE-ScoreMarker-x6.gcode,Supplementary,CR10sPRO,Red,5,0.366666667,1,5,0.37
BG-014-1-BLU-PMG,CR10sPROMSv4-CSE-ScoreMarker-x6.gcode,Supplementary,CR10sPRO,Green,5,0.366666667,1,5,0.37
BG-014-1-BLU-PMG,CR10sPROMSv4-CSE-ScoreMarker-x6.gcode,Supplementary,CR10sPRO,Yellow,5,0.366666667,1,5,0.37
BG-014-1-BLU-PMG,CR10sPROMSv4-CSE-ScoreMarker-x6.gcode,Supplementary,CR10sPRO,Grey,5,0.366666667,1,5,0.37
BG-014-1-BLU-PMG,CR10sPROMSv4-CSE-ScoreMarker-x6.gcode,Supplementary,CR10sPRO,Pink,5,0.366666667,1,5,0.37
BG-014-1-GRN-BRN,CR10sPROMSv3-CSE-ScoreTrack-Pads-V2c-x1.gcode,Base,CR10sPRO,Lt. Brown,52,3.716666667,1,52,3.72
BG-014-1-GRN-BRN,CR10sPROMSv4-CSB-Base-6P-3cut-v1-x1.gcode,Base,CR10sPRO,Green,114,6.95,1,114,6.96
BG-014-1-GRN-BRN,CR10sPROMSv4-CSB-Lid-v2-x1.gcode,Base,CR10sPRO,Green,98,5.933333333,1,98,5.94
BG-014-1-GRN-BRN,CR10sPROMSv4-CSB-PlayerTray-v3-x1.gcode,Base,CR10sPRO,Lt. Brown,15,1,6,90,6.06
BG-014-1-GRN-BRN,CR10sPROMSv4-CSE-ScoreTrack-Frame-x1-cc20.gcode,Base,CR10sPRO,Green/Yellow,24,2.016666667,1,24,2.03
BG-014-1-GRN-BRN,CR10sPROMSv4-CSB-PlayerTray-v3-x5.gcode,Supplementary,CR10sPRO,Lt. Brown,73,4.5,1,73,4.51
BG-014-1-GRN-BRN,CR10sPROMSv4-CSE-MP-Score-100-050-short-v4-shortlayer-x5.gcode,Supplementary,CR10sPRO,White/Black,10,1.55,1,10,1.56
BG-014-1-GRN-BRN,CR10sPROMSv4-CSE-MP-Score-100-050-short-v4-shortlayer-x5.gcode,Supplementary,CR10sPRO,White/Blue,10,1.55,1,10,1.56
BG-014-1-GRN-BRN,CR10sPROMSv4-CSE-MP-Score-100-050-short-v4-shortlayer-x5.gcode,Supplementary,CR10sPRO,White/Green,10,1.55,1,10,1.56
BG-014-1-GRN-BRN,CR10sPROMSv4-CSE-MP-Score-100-050-short-v4-shortlayer-x5.gcode,Supplementary,CR10sPRO,White/Pink,10,1.55,1,10,1.56
BG-014-1-GRN-BRN,CR10sPROMSv4-CSE-MP-Score-100-050-short-v4-shortlayer-x5.gcode,Supplementary,CR10sPRO,White/Red,10,1.55,1,10,1.56
BG-014-1-GRN-BRN,CR10sPROMSv4-CSE-MP-Score-100-050-short-v4-shortlayer-x5.gcode,Supplementary,CR10sPRO,White/Yellow,10,1.55,1,10,1.56
BG-014-1-GRN-BRN,CR10sPROMSv4-CSE-ScoreMarker-x6.gcode,Supplementary,CR10sPRO,Black,5,0.366666667,1,5,0.37
BG-014-1-GRN-BRN,CR10sPROMSv4-CSE-ScoreMarker-x6.gcode,Supplementary,CR10sPRO,Blue,5,0.366666667,1,5,0.37
BG-014-1-GRN-BRN,CR10sPROMSv4-CSE-ScoreMarker-x6.gcode,Supplementary,CR10sPRO,Red,5,0.366666667,1,5,0.37
BG-014-1-GRN-BRN,CR10sPROMSv4-CSE-ScoreMarker-x6.gcode,Supplementary,CR10sPRO,Green,5,0.366666667,1,5,0.37
BG-014-1-GRN-BRN,CR10sPROMSv4-CSE-ScoreMarker-x6.gcode,Supplementary,CR10sPRO,Yellow,5,0.366666667,1,5,0.37
BG-014-1-GRN-BRN,CR10sPROMSv4-CSE-ScoreMarker-x6.gcode,Supplementary,CR10sPRO,Grey,5,0.366666667,1,5,0.37
BG-014-1-GRN-BRN,CR10sPROMSv4-CSE-ScoreMarker-x6.gcode,Supplementary,CR10sPRO,Pink,5,0.366666667,1,5,0.37
BG-014-1-WHT-PMP,CR10sPROMSv3-CSE-ScoreTrack-Pads-V2c-x1.gcode,Base,CR10sPRO,Grey,52,3.716666667,1,52,3.72
BG-014-1-WHT-PMP,CR10sPROMSv4-CSB-Base-6P-3cut-v1-x1.gcode,Base,CR10sPRO,White,114,6.95,1,114,6.96
BG-014-1-WHT-PMP,CR10sPROMSv4-CSB-Lid-v2-x1.gcode,Base,CR10sPRO,White,98,5.933333333,1,98,5.94
BG-014-1-WHT-PMP,CR10sPROMSv4-CSB-PlayerTray-v3-x1.gcode,Base,CR10sPRO,Pink,15,1,1,15,1.01
BG-014-1-WHT-PMP,CR10sPROMSv4-CSB-PlayerTray-v3-x1.gcode,Base,CR10sPRO,Red,15,1,1,15,1.01
BG-014-1-WHT-PMP,CR10sPROMSv4-CSB-PlayerTray-v3-x1.gcode,Base,CR10sPRO,Black,15,1,1,15,1.01
BG-014-1-WHT-PMP,CR10sPROMSv4-CSB-PlayerTray-v3-x1.gcode,Base,CR10sPRO,Blue,15,1,1,15,1.01
BG-014-1-WHT-PMP,CR10sPROMSv4-CSB-PlayerTray-v3-x1.gcode,Base,CR10sPRO,Yellow,15,1,1,15,1.01
BG-014-1-WHT-PMP,CR10sPROMSv4-CSB-PlayerTray-v3-x1.gcode,Base,CR10sPRO,Green,15,1,1,15,1.01
BG-014-1-WHT-PMP,CR10sPROMSv4-CSE-ScoreTrack-Frame-x1-cc20.gcode,Base,CR10sPRO,White/Red,24,2.016666667,1,24,2.03
BG-014-1-WHT-PMP,CR10sPROMSv4-CSE-MP-Score-100-050-short-v4-shortlayer-x5.gcode,Supplementary,CR10sPRO,Grey/Black,10,1.55,1,10,1.56
BG-014-1-WHT-PMP,CR10sPROMSv4-CSE-MP-Score-100-050-short-v4-shortlayer-x5.gcode,Supplementary,CR10sPRO,Grey/Blue,10,1.55,1,10,1.56
BG-014-1-WHT-PMP,CR10sPROMSv4-CSE-MP-Score-100-050-short-v4-shortlayer-x5.gcode,Supplementary,CR10sPRO,Grey/Green,10,1.55,1,10,1.56
BG-014-1-WHT-PMP,CR10sPROMSv4-CSE-MP-Score-100-050-short-v4-shortlayer-x5.gcode,Supplementary,CR10sPRO,Grey/Pink,10,1.55,1,10,1.56
BG-014-1-WHT-PMP,CR10sPROMSv4-CSE-MP-Score-100-050-short-v4-shortlayer-x5.gcode,Supplementary,CR10sPRO,Grey/Red,10,1.55,1,10,1.56
BG-014-1-WHT-PMP,CR10sPROMSv4-CSE-MP-Score-100-050-short-v4-shortlayer-x5.gcode,Supplementary,CR10sPRO,Grey/Yellow,10,1.55,1,10,1.56
BG-014-1-WHT-PMP,CR10sPROMSv4-CSE-ScoreMarker-x6.gcode,Supplementary,CR10sPRO,Black,5,0.366666667,1,5,0.37
BG-014-1-WHT-PMP,CR10sPROMSv4-CSE-ScoreMarker-x6.gcode,Supplementary,CR10sPRO,Blue,5,0.366666667,1,5,0.37
BG-014-1-WHT-PMP,CR10sPROMSv4-CSE-ScoreMarker-x6.gcode,Supplementary,CR10sPRO,Red,5,0.366666667,1,5,0.37
BG-014-1-WHT-PMP,CR10sPROMSv4-CSE-ScoreMarker-x6.gcode,Supplementary,CR10sPRO,Green,5,0.366666667,1,5,0.37
BG-014-1-WHT-PMP,CR10sPROMSv4-CSE-ScoreMarker-x6.gcode,Supplementary,CR10sPRO,Yellow,5,0.366666667,1,5,0.37
BG-014-1-WHT-PMP,CR10sPROMSv4-CSE-ScoreMarker-x6.gcode,Supplementary,CR10sPRO,Grey,5,0.366666667,1,5,0.37
BG-014-1-WHT-PMP,CR10sPROMSv4-CSE-ScoreMarker-x6.gcode,Supplementary,CR10sPRO,Pink,5,0.366666667,1,5,0.37
BG-014-2-BLU-PMP,CR10sPROMSv3-CSE-ScoreTrack-Pads-V2c-x1.gcode,Base,CR10sPRO,White,52,3.716666667,1,52,3.72
BG-014-2-BLU-PMP,CR10sPROMSv4-CSE-Base-v2-x1.gcode,Base,CR10sPRO,Blue,142,8.883333333,1,142,8.89
BG-014-2-BLU-PMP,CR10sPROMSv4-CSE-Lid-v2-x1.gcode,Base,CR10sPRO,Blue,116,6.833333333,1,116,6.84
BG-014-2-BLU-PMP,CR10sPROMSv4-CSE-MP-SupplementaryStorageSet-x1.gcode,Base,CR10sPRO,White,33,1.75,1,33,1.75
BG-014-2-BLU-PMP,CR10sPROMSv3-CSE-PlayerTray-Narrow-v3-x1.gcode,Base,CR10sPRO,Black,17,0.95,1,17,0.95
BG-014-2-BLU-PMP,CR10sPROMSv3-CSE-PlayerTray-Narrow-v3-x1.gcode,Base,CR10sPRO,Blue,17,0.95,1,17,0.95
BG-014-2-BLU-PMP,CR10sPROMSv3-CSE-PlayerTray-Narrow-v3-x1.gcode,Base,CR10sPRO,Green,17,0.95,1,17,0.95
BG-014-2-BLU-PMP,CR10sPROMSv3-CSE-PlayerTray-Narrow-v3-x1.gcode,Base,CR10sPRO,Pink,17,0.95,1,17,0.95
BG-014-2-BLU-PMP,CR10sPROMSv3-CSE-PlayerTray-Narrow-v3-x1.gcode,Base,CR10sPRO,Red,17,0.95,1,17,0.95
BG-014-2-BLU-PMP,CR10sPROMSv3-CSE-PlayerTray-Narrow-v3-x1.gcode,Base,CR10sPRO,Yellow,17,0.95,1,17,0.95
BG-014-2-BLU-PMP,CR10sPROMSv4-CSE-ScoreTrack-Frame-x1-cc20.gcode,Base,CR10sPRO,Grey/Blue,24,2.016666667,1,24,2.03
BG-014-2-BLU-PMP,CR10sPROMSv3-CSE-PlayerTray-Narrow-v3-x3.gcode,Supplementary,CR10sPRO,Black,49,2.916666667,1,49,2.93
BG-014-2-BLU-PMP,CR10sPROMSv3-CSE-PlayerTray-Narrow-v3-x3.gcode,Supplementary,CR10sPRO,Blue,49,2.916666667,1,49,2.93
BG-014-2-BLU-PMP,CR10sPROMSv3-CSE-PlayerTray-Narrow-v3-x3.gcode,Supplementary,CR10sPRO,Green,49,2.916666667,1,49,2.93
BG-014-2-BLU-PMP,CR10sPROMSv3-CSE-PlayerTray-Narrow-v3-x3.gcode,Supplementary,CR10sPRO,Pink,49,2.916666667,1,49,2.93
BG-014-2-BLU-PMP,CR10sPROMSv3-CSE-PlayerTray-Narrow-v3-x3.gcode,Supplementary,CR10sPRO,Red,49,2.916666667,1,49,2.93
BG-014-2-BLU-PMP,CR10sPROMSv3-CSE-PlayerTray-Narrow-v3-x3.gcode,Supplementary,CR10sPRO,Yellow,49,2.916666667,1,49,2.93
BG-014-2-BLU-PMP,CR10sPROMSv4-CSE-MP-Score-100-050-short-v4-shortlayer-x5.gcode,Supplementary,CR10sPRO,White/Black,10,1.55,1,10,1.56
BG-014-2-BLU-PMP,CR10sPROMSv4-CSE-MP-Score-100-050-short-v4-shortlayer-x5.gcode,Supplementary,CR10sPRO,White/Blue,10,1.55,1,10,1.56
BG-014-2-BLU-PMP,CR10sPROMSv4-CSE-MP-Score-100-050-short-v4-shortlayer-x5.gcode,Supplementary,CR10sPRO,White/Green,10,1.55,1,10,1.56
BG-014-2-BLU-PMP,CR10sPROMSv4-CSE-MP-Score-100-050-short-v4-shortlayer-x5.gcode,Supplementary,CR10sPRO,White/Pink,10,1.55,1,10,1.56
BG-014-2-BLU-PMP,CR10sPROMSv4-CSE-MP-Score-100-050-short-v4-shortlayer-x5.gcode,Supplementary,CR10sPRO,White/Red,10,1.55,1,10,1.56
BG-014-2-BLU-PMP,CR10sPROMSv4-CSE-MP-Score-100-050-short-v4-shortlayer-x5.gcode,Supplementary,CR10sPRO,White/Yellow,10,1.55,1,10,1.56
BG-014-2-BLU-PMP,CR10sPROMSv4-CSE-ScoreMarker-x6.gcode,Supplementary,CR10sPRO,Black,5,0.366666667,1,5,0.37
BG-014-2-BLU-PMP,CR10sPROMSv4-CSE-ScoreMarker-x6.gcode,Supplementary,CR10sPRO,Blue,5,0.366666667,1,5,0.37
BG-014-2-BLU-PMP,CR10sPROMSv4-CSE-ScoreMarker-x6.gcode,Supplementary,CR10sPRO,Red,5,0.366666667,1,5,0.37
BG-014-2-BLU-PMP,CR10sPROMSv4-CSE-ScoreMarker-x6.gcode,Supplementary,CR10sPRO,Green,5,0.366666667,1,5,0.37
BG-014-2-BLU-PMP,CR10sPROMSv4-CSE-ScoreMarker-x6.gcode,Supplementary,CR10sPRO,Yellow,5,0.366666667,1,5,0.37
BG-014-2-BLU-PMP,CR10sPROMSv4-CSE-ScoreMarker-x6.gcode,Supplementary,CR10sPRO,Grey,5,0.366666667,1,5,0.37
BG-014-2-BLU-PMP,CR10sPROMSv4-CSE-ScoreMarker-x6.gcode,Supplementary,CR10sPRO,Pink,5,0.366666667,1,5,0.37
BG-014-2-GRN-BRN,CR10sPROMSv3-CSE-PlayerTray-Narrow-v3-x3.gcode,Base,CR10sPRO,Lt. Brown,49,2.916666667,2,98,5.86
BG-014-2-GRN-BRN,CR10sPROMSv3-CSE-ScoreTrack-Pads-V2c-x1.gcode,Base,CR10sPRO,Lt. Brown,52,3.716666667,1,52,3.72
BG-014-2-GRN-BRN,CR10sPROMSv4-CSE-Base-v2-x1.gcode,Base,CR10sPRO,Green,142,8.883333333,1,142,8.89
BG-014-2-GRN-BRN,CR10sPROMSv4-CSE-Lid-v2-x1.gcode,Base,CR10sPRO,Green,116,6.833333333,1,116,6.84
BG-014-2-GRN-BRN,CR10sPROMSv4-CSE-MP-SupplementaryStorageSet-x1.gcode,Base,CR10sPRO,Lt. Brown,33,1.75,1,33,1.75
BG-014-2-GRN-BRN,CR10sPROMSv4-CSE-ScoreTrack-Frame-x1-cc20.gcode,Base,CR10sPRO,Green/Yellow,24,2.016666667,1,24,2.03
BG-014-2-GRN-BRN,CR10sPROMSv4-CSE-MP-Score-100-050-short-v4-shortlayer-x5.gcode,Supplementary,CR10sPRO,Lt. Brown/Black,10,1.55,1,10,1.56
BG-014-2-GRN-BRN,CR10sPROMSv4-CSE-MP-Score-100-050-short-v4-shortlayer-x5.gcode,Supplementary,CR10sPRO,Lt. Brown/Blue,10,1.55,1,10,1.56
BG-014-2-GRN-BRN,CR10sPROMSv4-CSE-MP-Score-100-050-short-v4-shortlayer-x5.gcode,Supplementary,CR10sPRO,Lt. Brown/Green,10,1.55,1,10,1.56
BG-014-2-GRN-BRN,CR10sPROMSv4-CSE-MP-Score-100-050-short-v4-shortlayer-x5.gcode,Supplementary,CR10sPRO,Lt. Brown/Pink,10,1.55,1,10,1.56
BG-014-2-GRN-BRN,CR10sPROMSv4-CSE-MP-Score-100-050-short-v4-shortlayer-x5.gcode,Supplementary,CR10sPRO,Lt. Brown/Red,10,1.55,1,10,1.56
BG-014-2-GRN-BRN,CR10sPROMSv4-CSE-MP-Score-100-050-short-v4-shortlayer-x5.gcode,Supplementary,CR10sPRO,Lt. Brown/Yellow,10,1.55,1,10,1.56
BG-014-2-GRN-BRN,CR10sPROMSv4-CSE-ScoreMarker-x6.gcode,Supplementary,CR10sPRO,Black,5,0.366666667,1,5,0.37
BG-014-2-GRN-BRN,CR10sPROMSv4-CSE-ScoreMarker-x6.gcode,Supplementary,CR10sPRO,Blue,5,0.366666667,1,5,0.37
BG-014-2-GRN-BRN,CR10sPROMSv4-CSE-ScoreMarker-x6.gcode,Supplementary,CR10sPRO,Red,5,0.366666667,1,5,0.37
BG-014-2-GRN-BRN,CR10sPROMSv4-CSE-ScoreMarker-x6.gcode,Supplementary,CR10sPRO,Green,5,0.366666667,1,5,0.37
BG-014-2-GRN-BRN,CR10sPROMSv4-CSE-ScoreMarker-x6.gcode,Supplementary,CR10sPRO,Yellow,5,0.366666667,1,5,0.37
BG-014-2-GRN-BRN,CR10sPROMSv4-CSE-ScoreMarker-x6.gcode,Supplementary,CR10sPRO,Grey,5,0.366666667,1,5,0.37
BG-014-2-GRN-BRN,CR10sPROMSv4-CSE-ScoreMarker-x6.gcode,Supplementary,CR10sPRO,Pink,5,0.366666667,1,5,0.37
BG-014-2-GRN-PMP,CR10sPROMSv3-CSE-PlayerTray-Narrow-v3-x1.gcode,Base,CR10sPRO,Black,17,0.95,1,17,0.95
BG-014-2-GRN-PMP,CR10sPROMSv3-CSE-PlayerTray-Narrow-v3-x1.gcode,Base,CR10sPRO,Blue,17,0.95,1,17,0.95
BG-014-2-GRN-PMP,CR10sPROMSv3-CSE-PlayerTray-Narrow-v3-x1.gcode,Base,CR10sPRO,Green,17,0.95,1,17,0.95
BG-014-2-GRN-PMP,CR10sPROMSv3-CSE-PlayerTray-Narrow-v3-x1.gcode,Base,CR10sPRO,Pink,17,0.95,1,17,0.95
BG-014-2-GRN-PMP,CR10sPROMSv3-CSE-PlayerTray-Narrow-v3-x1.gcode,Base,CR10sPRO,Red,17,0.95,1,17,0.95
BG-014-2-GRN-PMP,CR10sPROMSv3-CSE-PlayerTray-Narrow-v3-x1.gcode,Base,CR10sPRO,Yellow,17,0.95,1,17,0.95
BG-014-2-GRN-PMP,CR10sPROMSv3-CSE-PlayerTray-Narrow-v3-x3.gcode,Supplementary,CR10sPRO,Black,49,2.916666667,1,49,2.93
BG-014-2-GRN-PMP,CR10sPROMSv3-CSE-PlayerTray-Narrow-v3-x3.gcode,Supplementary,CR10sPRO,Blue,49,2.916666667,1,49,2.93
BG-014-2-GRN-PMP,CR10sPROMSv3-CSE-PlayerTray-Narrow-v3-x3.gcode,Supplementary,CR10sPRO,Green,49,2.916666667,1,49,2.93
BG-014-2-GRN-PMP,CR10sPROMSv3-CSE-PlayerTray-Narrow-v3-x3.gcode,Supplementary,CR10sPRO,Pink,49,2.916666667,1,49,2.93
BG-014-2-GRN-PMP,CR10sPROMSv3-CSE-PlayerTray-Narrow-v3-x3.gcode,Supplementary,CR10sPRO,Red,49,2.916666667,1,49,2.93
BG-014-2-GRN-PMP,CR10sPROMSv3-CSE-PlayerTray-Narrow-v3-x3.gcode,Supplementary,CR10sPRO,Yellow,49,2.916666667,1,49,2.93
BG-014-2-GRN-PMP,CR10sPROMSv3-CSE-ScoreTrack-Pads-V2c-x1.gcode,Base,CR10sPRO,Lt. Brown,52,3.716666667,1,52,3.72
BG-014-2-GRN-PMP,CR10sPROMSv4-CSE-Base-v2-x1.gcode,Base,CR10sPRO,Green,142,8.883333333,1,142,8.89
BG-014-2-GRN-PMP,CR10sPROMSv4-CSE-Lid-v2-x1.gcode,Base,CR10sPRO,Green,116,6.833333333,1,116,6.84
BG-014-2-GRN-PMP,CR10sPROMSv4-CSE-MP-SupplementaryStorageSet-x1.gcode,Base,CR10sPRO,Lt. Brown,33,1.75,1,33,1.75
BG-014-2-GRN-PMP,CR10sPROMSv4-CSE-ScoreTrack-Frame-x1-cc20.gcode,Base,CR10sPRO,Green/Yellow,24,2.016666667,1,24,2.03
BG-014-2-GRN-PMP,CR10sPROMSv4-CSE-MP-Score-100-050-short-v4-shortlayer-x5.gcode,Supplementary,CR10sPRO,Grey/Black,10,1.55,1,10,1.56
BG-014-2-GRN-PMP,CR10sPROMSv4-CSE-MP-Score-100-050-short-v4-shortlayer-x5.gcode,Supplementary,CR10sPRO,Grey/Blue,10,1.55,1,10,1.56
BG-014-2-GRN-PMP,CR10sPROMSv4-CSE-MP-Score-100-050-short-v4-shortlayer-x5.gcode,Supplementary,CR10sPRO,Grey/Green,10,1.55,1,10,1.56
BG-014-2-GRN-PMP,CR10sPROMSv4-CSE-MP-Score-100-050-short-v4-shortlayer-x5.gcode,Supplementary,CR10sPRO,Grey/Pink,10,1.55,1,10,1.56
BG-014-2-GRN-PMP,CR10sPROMSv4-CSE-MP-Score-100-050-short-v4-shortlayer-x5.gcode,Supplementary,CR10sPRO,Grey/Red,10,1.55,1,10,1.56
BG-014-2-GRN-PMP,CR10sPROMSv4-CSE-MP-Score-100-050-short-v4-shortlayer-x5.gcode,Supplementary,CR10sPRO,Grey/Yellow,10,1.55,1,10,1.56
BG-014-2-GRN-PMP,CR10sPROMSv4-CSE-ScoreMarker-x6.gcode,Supplementary,CR10sPRO,Black,5,0.366666667,1,5,0.37
BG-014-2-GRN-PMP,CR10sPROMSv4-CSE-ScoreMarker-x6.gcode,Supplementary,CR10sPRO,Blue,5,0.366666667,1,5,0.37
BG-014-2-GRN-PMP,CR10sPROMSv4-CSE-ScoreMarker-x6.gcode,Supplementary,CR10sPRO,Red,5,0.366666667,1,5,0.37
BG-014-2-GRN-PMP,CR10sPROMSv4-CSE-ScoreMarker-x6.gcode,Supplementary,CR10sPRO,Green,5,0.366666667,1,5,0.37
BG-014-2-GRN-PMP,CR10sPROMSv4-CSE-ScoreMarker-x6.gcode,Supplementary,CR10sPRO,Yellow,5,0.366666667,1,5,0.37
BG-014-2-GRN-PMP,CR10sPROMSv4-CSE-ScoreMarker-x6.gcode,Supplementary,CR10sPRO,Grey,5,0.366666667,1,5,0.37
BG-014-2-GRN-PMP,CR10sPROMSv4-CSE-ScoreMarker-x6.gcode,Supplementary,CR10sPRO,Pink,5,0.366666667,1,5,0.37
BG-014-2-WHT-PMP,CR10sPROMSv3-CSE-PlayerTray-Narrow-v3-x1.gcode,Base,CR10sPRO,Black,17,0.95,1,17,0.95
BG-014-2-WHT-PMP,CR10sPROMSv3-CSE-PlayerTray-Narrow-v3-x1.gcode,Base,CR10sPRO,Blue,17,0.95,1,17,0.95
BG-014-2-WHT-PMP,CR10sPROMSv3-CSE-PlayerTray-Narrow-v3-x1.gcode,Base,CR10sPRO,Green,17,0.95,1,17,0.95
BG-014-2-WHT-PMP,CR10sPROMSv3-CSE-PlayerTray-Narrow-v3-x1.gcode,Base,CR10sPRO,Pink,17,0.95,1,17,0.95
BG-014-2-WHT-PMP,CR10sPROMSv3-CSE-PlayerTray-Narrow-v3-x1.gcode,Base,CR10sPRO,Red,17,0.95,1,17,0.95
BG-014-2-WHT-PMP,CR10sPROMSv3-CSE-PlayerTray-Narrow-v3-x1.gcode,Base,CR10sPRO,Yellow,17,0.95,1,17,0.95
BG-014-2-WHT-PMP,CR10sPROMSv3-CSE-PlayerTray-Narrow-v3-x3.gcode,Supplementary,CR10sPRO,Blue,49,2.916666667,1,49,2.93
BG-014-2-WHT-PMP,CR10sPROMSv3-CSE-PlayerTray-Narrow-v3-x3.gcode,Supplementary,CR10sPRO,Green,49,2.916666667,1,49,2.93
BG-014-2-WHT-PMP,CR10sPROMSv3-CSE-PlayerTray-Narrow-v3-x3.gcode,Supplementary,CR10sPRO,Pink,49,2.916666667,1,49,2.93
BG-014-2-WHT-PMP,CR10sPROMSv3-CSE-PlayerTray-Narrow-v3-x3.gcode,Supplementary,CR10sPRO,Red,49,2.916666667,1,49,2.93
BG-014-2-WHT-PMP,CR10sPROMSv3-CSE-PlayerTray-Narrow-v3-x3.gcode,Supplementary,CR10sPRO,Yellow,49,2.916666667,1,49,2.93
BG-014-2-WHT-PMP,CR10sPROMSv3-CSE-ScoreTrack-Pads-V2c-x1.gcode,Base,CR10sPRO,Grey,52,3.716666667,1,52,3.72
BG-014-2-WHT-PMP,CR10sPROMSv4-CSE-Base-v2-x1.gcode,Base,CR10sPRO,White,142,8.883333333,1,142,8.89
BG-014-2-WHT-PMP,CR10sPROMSv4-CSE-Lid-v2-x1.gcode,Base,CR10sPRO,White,116,6.833333333,1,116,6.84
BG-014-2-WHT-PMP,CR10sPROMSv4-CSE-MP-SupplementaryStorageSet-x1.gcode,Base,CR10sPRO,Grey,33,1.75,1,33,1.75
BG-014-2-WHT-PMP,CR10sPROMSv4-CSE-ScoreTrack-Frame-x1-cc20.gcode,Base,CR10sPRO,White/Red,24,2.016666667,1,24,2.03
BG-014-2-WHT-PMP,CR10sPROMSv4-CSE-MP-Score-100-050-short-v4-shortlayer-x5.gcode,Supplementary,CR10sPRO,Grey/Black,10,1.55,1,10,1.56
BG-014-2-WHT-PMP,CR10sPROMSv4-CSE-MP-Score-100-050-short-v4-shortlayer-x5.gcode,Supplementary,CR10sPRO,Grey/Blue,10,1.55,1,10,1.56
BG-014-2-WHT-PMP,CR10sPROMSv4-CSE-MP-Score-100-050-short-v4-shortlayer-x5.gcode,Supplementary,CR10sPRO,Grey/Green,10,1.55,1,10,1.56
BG-014-2-WHT-PMP,CR10sPROMSv4-CSE-MP-Score-100-050-short-v4-shortlayer-x5.gcode,Supplementary,CR10sPRO,Grey/Pink,10,1.55,1,10,1.56
BG-014-2-WHT-PMP,CR10sPROMSv4-CSE-MP-Score-100-050-short-v4-shortlayer-x5.gcode,Supplementary,CR10sPRO,Grey/Red,10,1.55,1,10,1.56
BG-014-2-WHT-PMP,CR10sPROMSv4-CSE-MP-Score-100-050-short-v4-shortlayer-x5.gcode,Supplementary,CR10sPRO,Grey/Yellow,10,1.55,1,10,1.56
BG-014-2-WHT-PMP,CR10sPROMSv4-CSE-ScoreMarker-x6.gcode,Supplementary,CR10sPRO,Black,5,0.366666667,1,5,0.37
BG-014-2-WHT-PMP,CR10sPROMSv4-CSE-ScoreMarker-x6.gcode,Supplementary,CR10sPRO,Blue,5,0.366666667,1,5,0.37
BG-014-2-WHT-PMP,CR10sPROMSv4-CSE-ScoreMarker-x6.gcode,Supplementary,CR10sPRO,Red,5,0.366666667,1,5,0.37
BG-014-2-WHT-PMP,CR10sPROMSv4-CSE-ScoreMarker-x6.gcode,Supplementary,CR10sPRO,Green,5,0.366666667,1,5,0.37
BG-014-2-WHT-PMP,CR10sPROMSv4-CSE-ScoreMarker-x6.gcode,Supplementary,CR10sPRO,Yellow,5,0.366666667,1,5,0.37
BG-014-2-WHT-PMP,CR10sPROMSv4-CSE-ScoreMarker-x6.gcode,Supplementary,CR10sPRO,Grey,5,0.366666667,1,5,0.37
BG-014-2-WHT-PMP,CR10sPROMSv4-CSE-ScoreMarker-x6.gcode,Supplementary,CR10sPRO,Pink,5,0.366666667,1,5,0.37
BG-005-1,CR10sPROMSv3-CSR-Base-Sleeved-x1.gcode,Base,CR10s,Purple,144,7.816666667,1,144,7.82
BG-005-1,CR10sPROMSv3-CSR-Coins-Sleeved-x1.gcode,Base,CR10s,Grey,45,2.616666667,1,45,2.62
BG-005-1,CR10sPROMSv3-CSR-Lid-Sleeved-v4-ThinTop-x1.gcode,Base,CR10s,Purple,114,6.166666667,1,114,6.18
BG-005-1,CR10sPROMSv3-CSR-SpiceBox-Sleeved-v2-x1-nofill.gcode,Base,CR10s,Brown,22,1.366666667,1,22,1.37
BG-005-1,CR10sPROMSv3-CSR-SpiceBox-Sleeved-v2-x1-nofill.gcode,Base,CR10s,Peak Green,22,1.366666667,1,22,1.37
BG-005-1,CR10sPROMSv3-CSR-SpiceBox-Sleeved-v2-x1-nofill.gcode,Base,CR10s,Red,22,1.366666667,1,22,1.37
BG-005-1,CR10sPROMSv3-CSR-SpiceBox-Sleeved-v2-x1-nofill.gcode,Base,CR10s,Yellow,22,1.366666667,1,22,1.37
BG-005-1,CR10sPROMSv3-CSR-SpiceBox-Sleeved-v2-x2-nofill.gcode,Supplementary,CR10s,Various,42,2.416666667,1,42,2.42
BG-007-1,CR10sPROMSv4-C10A-CashTrayDeep-v6-x1.gcode,Base,CR10s,Grey,56,4.083333333,1,56,4.09
BG-007-1,CR10sPROMSv4-C10A-MP-ContainerYard-v2-Set-x1.gcode,Base,CR10s,White,48,3.35,5,240,16.85
BG-007-1,CR10sPROMSv4-C10A-MP-MachineShed-v5-Set-x1-2shell.gcode,Base,CR10s,Grey,100,6.1,1,100,6.1
BG-007-1,CR10sPROMSv4-C10A-MP-SetupCards-Set-x1.gcode,Base,CR10s,Grey,15,1.133333333,1,15,1.15
BG-007-1,CR10sPROMSv4-C10A-MP-WarehouseDistrict-v3-Set-x1.gcode,Base,CR10s,Grey,121,7.733333333,1,121,7.74
BG-001-1,CR10sPROMSv3-DI-CardBox-60ct-Set-v4-x1.gcode,Base,CR10sPRO,Grey,44,3.216666667,1,44,3.22
BG-001-1,CR10sPROMSv3-DI-Dino Cage v3-x1.gcode,Base,CR10sPRO,Grey,59,3.233333333,1,59,3.25
BG-001-1,CR10sPROMSv3-DI-DNA Dice-x4.gcode,Base,CR10sPRO,Black,71,4.316666667,1,71,4.32
BG-001-1,CR10sPROMSv3-DI-Modifiers-x4.gcode,Base,CR10sPRO,Black,74,4.216666667,1,74,4.23
BG-001-1,CR10sPROMSv4-DI-Patrons v4-x1.gcode,Base,CR10sPRO,Black,45,2.816666667,1,45,2.82
BG-001-1,CR10sPROMSv4-DI-Player Tray v2-x1-nofill.gcode,Base,CR10sPRO,Blue,23,1.616666667,1,23,1.63
BG-001-1,CR10sPROMSv4-DI-Player Tray v2-x1-nofill.gcode,Base,CR10sPRO,Peak Green,23,1.616666667,1,23,1.63
BG-001-1,CR10sPROMSv4-DI-Player Tray v2-x1-nofill.gcode,Base,CR10sPRO,Red,23,1.616666667,1,23,1.63
BG-001-1,CR10sPROMSv4-DI-Player Tray v2-x1-nofill.gcode,Base,CR10sPRO,White,23,1.616666667,1,23,1.63
BG-001-1,CR10sPROMSv3-DI-CardBox-60ct-Set-v4-x2.gcode,Supplementary,CR10sPRO,Grey,86,6.4,1,86,6.41
BG-001-1,CR10sPROMSv3-DI-Patrons v4-x2.gcode,Supplementary,CR10sPRO,Black,90,5.45,1,90,5.45
BG-010-1,CR10sPROMSv3-DI-CardBox-60ct-Set-v4-x1.gcode,Base,CR10sPRO,Grey,44,3.216666667,1,44,3.22
BG-010-1,CR10sPROMSv3-DI-Dino Cage v3-x1.gcode,Base,CR10sPRO,Grey,59,3.233333333,1,59,3.25
BG-010-1,CR10sPROMSv3-DI-DNA Dice-x4.gcode,Base,CR10sPRO,Black,71,4.316666667,1,71,4.32
BG-010-1,CR10sPROMSv3-DI-Modifiers-x4.gcode,Base,CR10sPRO,Black,74,4.216666667,1,74,4.23
BG-010-1,CR10sPROMSv3-TL_Modifiers_Notched-x3.gcode,Base,CR10sPRO,Black,58,3.333333333,1,58,3.33
BG-010-1,CR10sPROMSv3-TL-MP-CardTray-BoardLocks-x3.gcode,Base,CR10sPRO,Grey,124,8.033333333,1,124,8.03
BG-010-1,CR10sPROMSv4-DI-Patrons v4-x1.gcode,Base,CR10sPRO,Black,45,2.816666667,1,45,2.82
BG-010-1,CR10sPROMSv4-DI-Player Tray v2-x1-nofill.gcode,Base,CR10sPRO,Blue,23,1.616666667,1,23,1.63
BG-010-1,CR10sPROMSv4-DI-Player Tray v2-x1-nofill.gcode,Base,CR10sPRO,Peak Green,23,1.616666667,1,23,1.63
BG-010-1,CR10sPROMSv4-DI-Player Tray v2-x1-nofill.gcode,Base,CR10sPRO,Purple,23,1.616666667,1,23,1.63
BG-010-1,CR10sPROMSv4-DI-Player Tray v2-x1-nofill.gcode,Base,CR10sPRO,Red,23,1.616666667,1,23,1.63
BG-010-1,CR10sPROMSv4-DI-Player Tray v2-x1-nofill.gcode,Base,CR10sPRO,White,23,1.616666667,1,23,1.63
BG-010-1,CR10sPROMSv4-TL_Marine_Creatures v4-x1.gcode,Base,CR10sPRO,Lt. Blue,92,5.483333333,1,92,5.48
BG-010-1,CR10sPROMSv4-TL_PAIR-v3-15mm-x1.gcode,Base,CR10sPRO,Peak Green,70,4.283333333,1,70,4.28
BG-010-1,PSlice-CR10sPROMS-TL_Dino_Cash_short-x1.gcode,Base,CR10sPRO,Peak Green,67,3.65,2,134,7.3
BG-010-1,CR10sPROMSv3-DI-Patrons v4-x2.gcode,Supplementary,CR10sPRO,Black,90,5.45,1,90,5.45
BG-010-1-T,CR10sPROMSv3-DI-CardBox-60ct-Set-v4-x1.gcode,Base,CR10sPRO,Grey,44,3.216666667,1,44,3.22
BG-010-1-T,CR10sPROMSv3-DI-Dino Cage v3-x1.gcode,Base,CR10sPRO,Grey,59,3.233333333,1,59,3.25
BG-010-1-T,CR10sPROMSv3-DI-DNA Dice-x4.gcode,Base,CR10sPRO,Black,71,4.316666667,1,71,4.32
BG-010-1-T,CR10sPROMSv3-DI-Modifiers-x4.gcode,Base,CR10sPRO,Black,74,4.216666667,1,74,4.23
BG-010-1-T,CR10sPROMSv3-TL_Modifiers_Notched-x3.gcode,Base,CR10sPRO,Black,58,3.333333333,1,58,3.33
BG-010-1-T,CR10sPROMSv3-TL-MP-CardTray-BoardLocks-x3.gcode,Base,CR10sPRO,Grey,124,8.033333333,1,124,8.03
BG-010-1-T,CR10sPROMSv4-DI-Patrons v4-x1.gcode,Base,CR10sPRO,Black,45,2.816666667,1,45,2.82
BG-010-1-T,CR10sPROMSv4-DI-Player Tray v2-x1-nofill.gcode,Base,CR10sPRO,Blue,23,1.616666667,1,23,1.63
BG-010-1-T,CR10sPROMSv4-DI-Player Tray v2-x1-nofill.gcode,Base,CR10sPRO,Peak Green,23,1.616666667,1,23,1.63
BG-010-1-T,CR10sPROMSv4-DI-Player Tray v2-x1-nofill.gcode,Base,CR10sPRO,Purple,23,1.616666667,1,23,1.63
BG-010-1-T,CR10sPROMSv4-DI-Player Tray v2-x1-nofill.gcode,Base,CR10sPRO,Red,23,1.616666667,1,23,1.63
BG-010-1-T,CR10sPROMSv4-DI-Player Tray v2-x1-nofill.gcode,Base,CR10sPRO,White,23,1.616666667,1,23,1.63
BG-010-1-T,CR10sPROMSv4-TL_Marine_Creatures v4-x1.gcode,Base,CR10sPRO,Lt. Blue,92,5.483333333,1,92,5.48
BG-010-1-T,CR10sPROMSv4-TL_PAIR-v3-15mm-x1.gcode,Base,CR10sPRO,Peak Green,70,4.283333333,1,70,4.28
BG-010-1-T,PSlice-CR10sPROMS-TL_Dino_Cash_short-x1.gcode,Base,CR10sPRO,Peak Green,67,3.65,2,134,7.3
BG-010-1-T,CR10sPROMSv3-DI-Patrons v4-x2.gcode,Supplementary,CR10sPRO,Black,90,5.45,1,90,5.45
BG-009-1,CR10sPROMSv4-ENS-CaptainsPads-v6-x1.gcode,Base,CR10sPro,Lt. Blue,47,2.983333333,1,47,3
BG-009-1,CR10sPROMSv4-ENS-MP-Livestock-Set-v3-x1.gcode,Base,CR10sPro,Lt. Blue,64,4,1,64,4.01
BG-009-1,CR10sPROMSv4-ENS-MP-RocksofRuin-SettlementsShips-v1-x1.gcode,Base,CR10sPro,Lt. Blue,45,2.666666667,1,45,2.67
BG-009-1,CR10sPROMSv4-ENS-Players-v8-NoFillet-x5.gcode,Base,CR10sPro,White,93,5.5,1,93,5.51
BG-009-1,CR10sPROMSv4-ENS-Tile-Holder-v3-x1.gcode,Base,CR10sPro,Lt. Blue,77,4.366666667,1,77,4.37
BG-009-1,CR10sPROMSv4-ENS-CaptainsPads-v6-x1-t230.gcode,Supplementary,CR10sPro,Lt. Blue,47,2.983333333,1,47,3
BG-009-1,CR10sPROMSv4-ENS-MP-Livestock-Set-v3-x1-t230.gcode,Supplementary,CR10sPro,Lt. Blue,64,4,1,64,4.01
BG-009-1,CR10sPROMSv4-ENS-MP-RocksofRuin-SettlementsShips-v1-x1-t230.gcode,Supplementary,CR10sPro,Lt. Blue,45,2.666666667,1,45,2.67
BG-009-1,CR10sPROMSv4-ENS-Players-v8-NoFillet-x1.gcode,Supplementary,CR10sPro,White,19,1.1,5,95,5.5
BG-009-1,CR10sPROMSv4-ENS-Players-v8-NoFillet-x2.gcode,Supplementary,CR10sPro,White,38,2.216666667,1,38,2.23
BG-009-1,CR10sPROMSv4-ENS-Tile-Holder-v3-x1-t230.gcode,Supplementary,CR10sPro,Lt. Blue,77,4.366666667,1,77,4.37
BG-011-1-BLK,CR10sPROMSv4-GD-CityTiles-FullBox v3-x1.gcode,Base,CR10sPro,Black,53,3.65,1,53,3.66
BG-011-1-BLK,CR10sPROMSv4-GD-Cops v3-x1.gcode,Base,CR10sPro,Black,29,2.216666667,1,29,2.22
BG-011-1-GRY,CR10sPROMSv4-GD-CityTiles-FullBox v3-x1.gcode,Base,CR10sPro,Grey,53,3.65,1,53,3.66
BG-011-1-GRY,CR10sPROMSv4-GD-Cops v3-x1.gcode,Base,CR10sPro,Grey,29,2.216666667,1,29,2.22
BG-011-1-RED,CR10sPROMSv4-GD-CityTiles-FullBox v3-x1.gcode,Base,CR10sPro,True Red,53,3.65,1,53,3.66
BG-011-1-RED,CR10sPROMSv4-GD-Cops v3-x1.gcode,Base,CR10sPro,True Red,29,2.216666667,1,29,2.22
BG-011-1-STD,CR10sPROMSv4-GD-CityTiles-FullBox v3-x1.gcode,Base,CR10sPro,True Red,53,3.65,1,53,3.66
BG-011-1-STD,CR10sPROMSv4-GD-Cops v3-x1-t230.gcode,Base,CR10sPro,Lt. Brown,29,2.133333333,1,29,2.13
BG-017-1,CR10sPROMSv3-GC-FoundationTiles v1-x1.gcode,Base,CR10sPRO,Lt. Blue,56,4.083333333,1,56,4.09
BG-017-1,CR10sPROMSv3-GC-PlayerTrayCircle4up v2-x1.gcode,Base,CR10sPRO,Blue,15,1,1,15,1.01
BG-017-1,CR10sPROMSv3-GC-PlayerTrayCircle4up v2-x1.gcode,Base,CR10sPRO,Green,15,1,1,15,1.01
BG-017-1,CR10sPROMSv3-GC-PlayerTrayCircle4up v2-x1.gcode,Base,CR10sPRO,Red,15,1,1,15,1.01
BG-017-1,CR10sPROMSv3-GC-PlayerTrayCircle4up v2-x1.gcode,Base,CR10sPRO,Yellow,15,1,1,15,1.01
BG-017-1,CR10sPROMSv3-GC-PlayerTrayCircle4upCenter_v3-x1.gcode,Base,CR10sPRO,Grey,11,0.783333333,1,11,0.79
BG-017-1,CR10sPROMSv3-GC-TicketsGuestsTray v1-x1.gcode,Base,CR10sPRO,Grey,44,2.666666667,1,44,2.68
BG-017-1,CR10sPROMSv4-GC-FirstPlayerRoundMarker v2-x1.gcode,Base,CR10sPRO,Lt. Blue,23,1.25,1,23,1.26
BG-017-1,CR10sPROMSv4-GC-FivesTray v3-x1-t230.gcode,Base,CR10sPRO,Lt. Brown,33,2.083333333,1,33,2.09
BG-017-1,CR10sPROMSv4-GC-OnesTwosTray v3-x1-t230.gcode,Base,CR10sPRO,Lt. Brown,28,1.766666667,1,28,1.77
BG-017-1,CR10sPROMSv4-GC-ScorePad-Tight v2-x1.gcode,Base,CR10sPRO,Lt. Blue,22,1.4,1,22,1.42
BG-017-1,CR10sPROMSv4-GC-ThreesFoursTray v3-x1-t230.gcode,Base,CR10sPRO,Lt. Brown,35,2.25,1,35,2.26
BG-017-1,CR10sPROMSv4-GC-TricksOfTheTrade-Tight v2-x1.gcode,Base,CR10sPRO,Lt. Blue,22,1.466666667,1,22,1.47
BG-017-1,CR10sPROMSv4-GC-FivesTray v3-x1.gcode,Supplementary,CR10sPRO,Lt. Brown,33,2.083333333,1,33,2.09
BG-017-1,CR10sPROMSv4-GC-OnesTwosTray v3-x1.gcode,Supplementary,CR10sPRO,Lt. Brown,28,1.766666667,1,28,1.77
BG-017-1,CR10sPROMSv4-GC-ThreesFoursTray v3-x1.gcode,Supplementary,CR10sPRO,Lt. Brown,35,2.25,1,35,2.26
BG-017-1,CR10sPROMSv4-GC-Ticket v2-x4.gcode,Supplementary,CR10sPRO,Purple,2,0.2,1,2,0.21
BG-017-1,CR10sPROMSv4-GC-Ticket v3-x10.gcode,Supplementary,CR10sPRO,Purple,4,0.55,1,4,0.56
BG-017-1,CR10sPROMSv4-GC-Ticket v3-x40.gcode,Supplementary,CR10sPRO,Purple,14,1.916666667,1,14,1.92
BG-002-1-BLK,CR10sPROMSv4-HB-MP-Hardback-1_1-Set-x1.gcode,Base,CR10sPRO,Black,65,3.883333333,1,65,3.88
BG-002-1-BRN,CR10sPROMSv4-HB-MP-Hardback-1_1-Set-x1.gcode,Base,CR10sPRO,Lt. Brown,65,3.883333333,1,65,3.88
BG-002-1-CPR,CR10sPROMSv4-HB-MP-Hardback-1_1-Set-x1.gcode,Base,CR10sPRO,Copper,65,3.883333333,1,65,3.88
BG-002-1-GLD,CR10sPROMSv4-HB-MP-Hardback-1_1-Set-x1.gcode,Base,CR10sPRO,Gold,65,3.883333333,1,65,3.88
BG-002-1-GRY,CR10sPROMSv4-HB-MP-Hardback-1_1-Set-x1.gcode,Base,CR10sPRO,Grey,65,3.883333333,1,65,3.88
BG-002-2-CPR,CR10sPROMSv4-Hardback-1_1-Base-x1.gcode,Base,CR10sPRO,Copper,40,2.466666667,1,40,2.48
BG-002-2-CPR,CR10sPROMSv4-HBD-Hardback_Deluxe_Lid_CC_twice-x1.gcode,Base,CR10sPRO,Copper,26,1.716666667,1,26,1.72
BG-002-2-GLD,CR10sPROMSv4-Hardback-1_1-Base-x1.gcode,Base,CR10sPRO,Gold,40,2.466666667,1,40,2.48
BG-002-2-GLD,CR10sPROMSv4-HBD-Hardback_Deluxe_Lid_CC_twice-x1.gcode,Base,CR10sPRO,Gold,26,1.716666667,1,26,1.72
BG-002-2-SLVR,CR10sPROMSv4-Hardback-1_1-Base-x1.gcode,Base,CR10sPRO,Silver,40,2.466666667,1,40,2.48
BG-002-2-SLVR,CR10sPROMSv4-HBD-Hardback_Deluxe_Lid_CC_twice-x1.gcode,Base,CR10sPRO,Silver,26,1.716666667,1,26,1.72
BG-016-1,CR10sPROMSv3-LXR-BaseGameTiles-v1-x1.gcode,Base,CR10sPRO,Dark Blue,57,3.583333333,1,57,3.59
BG-016-1,CR10sPROMSv3-LXR-DrawBags-v3-x1.gcode,Base,CR10sPRO,Dark Blue,30,1.733333333,1,30,1.75
BG-016-1,CR10sPROMSv3-LXR-MP-Queenies-Set-v1-x1.gcode,Base,CR10sPRO,Gold,70,4.516666667,1,70,4.53
BG-016-1,CR10sPROMSv3-LXR-MummyBoards-v1-x1.gcode,Base,CR10sPRO,True Red,49,3.15,1,49,3.15
BG-016-1,CR10sPROMSv3-LXR-MummyCube-v2-x1.gcode,Base,CR10sPRO,True Red,76,4.566666667,1,76,4.58
BG-016-1,CR10sPROMSv4-LXR-PlayerPiecesFPlayer_v3-x1.gcode,Base,CR10sPRO,Dark Blue,45,2.966666667,1,45,2.98
BG-016-1,CR10sPROMSv3-LXR-TokenStore-v2-x1.gcode,Base,CR10sPRO,Dark Blue,22,1.383333333,1,22,1.39
BG-016-1,CR10sPROMSv3-LXR-TokenStore-v2-x1.gcode,Base,CR10sPRO,True Red,22,1.383333333,1,22,1.39
BG-016-1,CR10sPROMSv4-LXR-Cards-v2-x2.gcode,Base,CR10sPRO,Dark Blue,78,4.95,1,78,4.96
BG-016-1,CR10sPROMSv4-LXR-DieSarcophagiFPlayer-v3-x1.gcode,Base,CR10sPRO,Dark Blue,42,2.25,1,42,2.25
BG-016-1,CR10sPROMSv3-LXR-MP-MummyBoards-Tokens-x1.gcode,Supplementary,CR10sPRO,True Red,70,4.466666667,1,70,4.47
BG-016-1,CR10sPROMSv3-LXR-MP-TokenStore-FirstPlayer-x1.gcode,Supplementary,CR10sPRO,Dark Blue,62,3.25,1,62,3.25
BG-016-1,CR10sPROMSv4-LXR-PlayerMarker-Ankh-v1-x4-FCTRY.gcode,Supplementary,CR10sPRO,Blue,9,1.25,1,9,1.26
BG-016-1,CR10sPROMSv4-LXR-PlayerMarker-Nefertiti-v1-x4-FCTRY.gcode,Supplementary,CR10sPRO,Green,9,1.25,1,9,1.26
BG-016-1,CR10sPROMSv4-LXR-PlayerMarker-Pharaoh-v1-x4-FCTRY.gcode,Supplementary,CR10sPRO,Gold,9,1.483333333,1,9,1.48
BG-016-1,CR10sPROMSv4-LXR-PlayerMarker-Scarab-v1-x4-FCTRY.gcode,Supplementary,CR10sPRO,Red,10,1.6,1,10,1.61
BG-016-1,CR10sPROMSv4-LXR-PlayerMarker-Shen v2-x4-FCTRY.gcode,Supplementary,CR10sPRO,Purple,10,1.483333333,1,10,1.48
BG-010-1-T,PS-MS-Dino_Gumball_Bottom v3- Microswiss.gcode,Base,CR10sPro,White,25,3.966666667,1,25,3.98
BG-008-1,CR10sPROMSv3-NB-Tray 1E-x1-HDiscs-2shell.gcode,Base,CR10sPro,Lt. Blue,177,10.06666667,1,177,10.08
BG-008-2,CR10sPROMSv4-NB Tray 2nd Edition 2-A v1-x1-2shell.gcode,Base,CR10sPro,Lt. Blue,168,9.916666667,1,168,9.92
BG-008-2,CR10sPROMSv4-NB-Lift v2-x1-shortlayer.gcode,Base,CR10sPro,White,5,0.616666667,1,5,0.63
BG-004-1-GRN,CR10sPROMSv4-PTC-BG-Base-v5-x1.gcode,Base,CR10sPRO,Green,94,5.533333333,1,94,5.54
BG-004-1-GRN,CR10sPROMSv4-PTC-BG-BoardInsert-x1-2shell.gcode,Base,CR10sPRO,Lt. Blue,106,5.75,1,106,5.76
BG-004-1-GRN,CR10sPROMSv4-PTC-BG-Lid-x1.gcode,Base,CR10sPRO,Green,96,5.633333333,1,96,5.64
BG-004-1-GRN,CR10sPROMSv4-PTC-BG-Tray-72mm-x1.gcode,Base,CR10sPRO,Lt. Blue,46,3.016666667,1,46,3.03
BG-004-1-WHT,CR10sPROMSv4-PTC-BG-Base-v5-x1.gcode,Base,CR10sPRO,White,94,5.533333333,1,94,5.54
BG-004-1-WHT,CR10sPROMSv4-PTC-BG-BoardInsert-x1-2shell.gcode,Base,CR10sPRO,Lt. Blue,106,5.75,1,106,5.76
BG-004-1-WHT,CR10sPROMSv4-PTC-BG-Lid-x1.gcode,Base,CR10sPRO,White,96,5.633333333,1,96,5.64
BG-004-1-WHT,CR10sPROMSv4-PTC-BG-Tray-72mm-x1.gcode,Base,CR10sPRO,Lt. Blue,46,3.016666667,1,46,3.03
BG-004-2-GRN,CR10sPROMSv4-PTC-BG-BoardInsert-x1-2shell.gcode,Base,CR10sPRO,Lt. Blue,106,5.75,1,106,5.76
BG-004-2-GRN,CR10sPROMSv4-PTC-MP-XL-Tray-Set-72mm-x1.gcode,Base,CR10sPRO,Lt. Blue,91,5.816666667,1,91,5.83
BG-004-2-GRN,CR10sPROMSv4-PTC-XL-Base-v2-x1.gcode,Base,CR10sPRO,Green,110,6.3,1,110,6.32
BG-004-2-GRN,CR10sPROMSv4-PTC-XL-Lid-v2-x1.gcode,Base,CR10sPRO,Green,105,6.066666667,1,105,6.07
BG-004-2-WHT,CR10sPROMSv4-PTC-BG-BoardInsert-x1-2shell.gcode,Base,CR10sPRO,Lt. Blue,106,5.75,1,106,5.76
BG-004-2-WHT,CR10sPROMSv4-PTC-MP-XL-Tray-Set-72mm-x1.gcode,Base,CR10sPRO,Lt. Blue,91,5.816666667,1,91,5.83
BG-004-2-WHT,CR10sPROMSv4-PTC-XL-Base-v2-x1.gcode,Base,CR10sPRO,White,110,6.3,1,110,6.32
BG-004-2-WHT,CR10sPROMSv4-PTC-XL-Lid-v2-x1.gcode,Base,CR10sPRO,White,105,6.066666667,1,105,6.07
BG-004-3-GRN,CR10sPROMSv3-PTC-MP-XL-Tray-Set-72mm-x1.gcode,Base,CR10sPRO,Lt. Blue,90,5.733333333,1,90,5.74
BG-004-3-GRN,CR10sPROMSv3-PTC-XL-S-Base-x1.gcode,Base,CR10sPRO,Green,120,6.883333333,1,120,6.89
BG-004-3-GRN,CR10sPROMSv3-PTC-XL-S-Lid-x1.gcode,Base,CR10sPRO,Green,118,6.733333333,1,118,6.75
BG-004-3-GRN,CR10sPROMSv4-PTC-BG-BoardInsert-x1-2shell.gcode,Base,CR10sPRO,Lt. Blue,106,5.75,1,106,5.76
BG-004-3-GRN,CR10sPROMSv4-PTC-XL-S-SleevedCardHolder-v3-x1.gcode,Base,CR10sPRO,Lt. Blue,32,2.066666667,1,32,2.08
BG-004-3-WHT,CR10sPROMSv3-PTC-MP-XL-Tray-Set-72mm-x1.gcode,Base,CR10sPRO,Lt. Blue,90,5.733333333,1,90,5.74
BG-004-3-WHT,CR10sPROMSv3-PTC-XL-S-Base-x1.gcode,Base,CR10sPRO,White,120,6.883333333,1,120,6.89
BG-004-3-WHT,CR10sPROMSv3-PTC-XL-S-Lid-x1.gcode,Base,CR10sPRO,White,118,6.733333333,1,118,6.75
BG-004-3-WHT,CR10sPROMSv4-PTC-BG-BoardInsert-x1-2shell.gcode,Base,CR10sPRO,Lt. Blue,106,5.75,1,106,5.76
BG-004-3-WHT,CR10sPROMSv4-PTC-XL-S-SleevedCardHolder-v3-x1.gcode,Base,CR10sPRO,Lt. Blue,32,2.066666667,1,32,2.08
BG-012-1,CR10sPROMSv3-PL-ActionTiles-CostMarkers-v1-x1-G.gcode,Base,CR10sPro,Bright Green,29,1.8,1,29,1.81
BG-012-1,CR10sPROMSv3-PL-Barrel-Penalty-LP-v1-x2.gcode,Base,CR10sPro,Black,97,6.083333333,1,97,6.09
BG-012-1,CR10sPROMSv3-PL-CashTray-LP-Stretch-v2-x2.gcode,Base,CR10sPro,Grey,106,6.5,1,106,6.51
BG-012-1,CR10sPROMSv3-PL-MP-Contracts-Orders-x1.gcode,Base,CR10sPro,Orange,53,3.733333333,1,53,3.74
BG-012-1,CR10sPROMSv3-PL-MP-PlayerBoardWall-Set-v5-x1.gcode,Base,CR10sPro,White,58,3.8,1,58,3.8
BG-012-1,CR10sPROMSv3-PL-Overlay-UpgradeTiles-v3-x1-G.gcode,Base,CR10sPro,Bright Green,28,2.016666667,1,28,2.03
BG-012-1,CR10sPROMSv3-PL-PlayerPieces-RoundMarker-v3-x1-G.gcode,Base,CR10sPro,Bright Green,44,2.983333333,1,44,3
BG-012-1,CR10sPROMSv3-PL-Tanks-Machines-v6-x1.gcode,Base,CR10sPro,Black,47,2.833333333,1,47,2.83
BG-012-1,CR10sPROMSv3-PL-UpgradeCards-v7-x1-O.gcode,Base,CR10sPro,Orange,29,1.7,1,29,1.71
BG-012-1,CR10sPROMSv3-PL-Valuations-v7-x1-O.gcode,Base,CR10sPro,Orange,26,1.583333333,1,26,1.59
BG-012-2,CR10sPROMSv3-PL-ActionTiles-CostMarkers-v1-x1-G.gcode,Base,CR10sPro,Bright Green,29,1.8,1,29,1.81
BG-012-2,CR10sPROMSv3-PL-Barrel-Penalty-LP-v1-x2.gcode,Base,CR10sPro,Black,97,6.083333333,1,97,6.09
BG-012-2,CR10sPROMSv3-PL-CashTray-LP-Stretch-v2-x2.gcode,Base,CR10sPro,Grey,106,6.5,1,106,6.51
BG-012-2,CR10sPROMSv3-PL-MP-Contracts-Orders-x1.gcode,Base,CR10sPro,Orange,53,3.733333333,1,53,3.74
BG-012-2,CR10sPROMSv3-PL-MP-PlayerBoardWall-Set-v5-x1.gcode,Base,CR10sPro,White,58,3.8,1,58,3.8
BG-012-2,CR10sPROMSv3-PL-Overlay-UpgradeTiles-v3-x1-G.gcode,Base,CR10sPro,Bright Green,28,2.016666667,1,28,2.03
BG-012-2,CR10sPROMSv3-PL-PlayerPieces-RoundMarker-v3-x1-G.gcode,Base,CR10sPro,Bright Green,44,2.983333333,1,44,3
BG-012-2,CR10sPROMSv3-PL-QuadLockCarrier-v2-x3.gcode,Supplementary,CR10sPro,Grey,46,2.7,1,46,2.71
BG-012-2,CR10sPROMSv3-PL-Tanks-Machines-v6-x1.gcode,Base,CR10sPro,Black,47,2.833333333,1,47,2.83
BG-012-2,CR10sPROMSv3-PL-UpgradeCards-v7-x1-O.gcode,Base,CR10sPro,Orange,29,1.7,1,29,1.71
BG-012-2,CR10sPROMSv3-PL-Valuations-v7-x1-O.gcode,Base,CR10sPro,Orange,26,1.583333333,1,26,1.59
BG-012-2,CR10sPROMSv4-PL-QuadLockCarrier-v2-x1.gcode,Base,CR10sPro,Grey,16,1.166666667,1,16,1.18
BG-012-2,PL-QuadLock-v1_0.2mm_PLA_CR10SPRO_1h59m.gcode,Base,CR10sPro,Red,26,2.1,1,26,2.1
BG-012-2,CR10sPROMSv3-PL-QuadLock-v1-x4-2outer.gcode,Supplementary,CR10sPro,Red,28,1.666666667,1,28,1.68
BG-012-2,CR10sPROMSv4-PL-QuadLock-v1-x2-Coast02.gcode,Supplementary,CR10sPro,Red,14,0.9,1,14,0.9
BG-012-2,CR10sPROMSv4-PL-QuadLock-v1-x4-Coast02.gcode,Supplementary,CR10sPro,Red,28,1.783333333,1,28,1.79
BG-012-3,CR10sPROMSv3-PL-QuadLockCarrier-v2-x3.gcode,Base,CR10sPro,Grey,46,2.7,1,46,2.71
BG-012-3,PL-QuadLock-v1_0.2mm_PLA_CR10SPRO_1h59m.gcode,Base,CR10sPro,Red,26,2.1,1,26,2.1
BG-012-4,CR10sPROMSv4-PL-EM-ActionTiles-CostMarkers v2-x1-nofill.gcode,Base,CR10sPro,Bright Green,34,2.116666667,1,34,2.13
BG-012-4,CR10sPROMSv3-PL-Barrel-Penalty-LP-v1-x2.gcode,Base,CR10sPro,Black,97,6.083333333,1,97,6.09
BG-012-4,CR10sPROMSv3-PL-CashTray-LP-Stretch-v2-x2.gcode,Base,CR10sPro,Grey,106,6.5,1,106,6.51
BG-012-4,CR10sPROMSv3-PL-MP-Contracts-Orders-x1.gcode,Base,CR10sPro,Orange,53,3.733333333,1,53,3.74
BG-012-4,CR10sPROMSv3-PL-MP-PlayerBoardWall-Set-v5-x1.gcode,Base,CR10sPro,White,58,3.8,1,58,3.8
BG-012-4,CR10sPROMSv3-PL-Overlay-UpgradeTiles-v3-x1-G.gcode,Base,CR10sPro,Bright Green,28,2.016666667,1,28,2.03
BG-012-4,CR10sPROMSv3-PL-PlayerPieces-RoundMarker-v3-x1-G.gcode,Base,CR10sPro,Bright Green,44,2.983333333,1,44,3
BG-012-4,CR10sPROMSv3-PL-Tanks-Machines-v6-x1.gcode,Base,CR10sPro,Black,47,2.833333333,1,47,2.83
BG-012-4,CR10sPROMSv3-PL-UpgradeCards-v7-x1-O.gcode,Base,CR10sPro,Orange,29,1.7,1,29,1.71
BG-012-4,CR10sPROMSv3-PL-Valuations-v7-x1-O.gcode,Base,CR10sPro,Orange,26,1.583333333,1,26,1.59
BG-012-4,CR10sPROMSv4-PL-EM-MP-NewMarkets-Set-v4-x1.gcode,Base,CR10sPro,Bright Green,47,3.533333333,1,47,3.54
BG-012-4,CR10sPROMSv4-PL-EM-UpgradesValuations v3.gcode,Base,CR10sPro,Orange,29,1.933333333,1,29,1.94
BG-012-5,CR10sPROMSv4-PL-EM-ActionTiles-CostMarkers v2-x1-nofill.gcode,Base,CR10sPro,Bright Green,34,2.116666667,1,34,2.13
BG-012-5,CR10sPROMSv3-PL-Barrel-Penalty-LP-v1-x2.gcode,Base,CR10sPro,Black,97,6.083333333,1,97,6.09
BG-012-5,CR10sPROMSv3-PL-CashTray-LP-Stretch-v2-x2.gcode,Base,CR10sPro,Grey,106,6.5,1,106,6.51
BG-012-5,CR10sPROMSv3-PL-MP-Contracts-Orders-x1.gcode,Base,CR10sPro,Orange,53,3.733333333,1,53,3.74
BG-012-5,CR10sPROMSv3-PL-MP-PlayerBoardWall-Set-v5-x1.gcode,Base,CR10sPro,White,58,3.8,1,58,3.8
BG-012-5,CR10sPROMSv3-PL-Overlay-UpgradeTiles-v3-x1-G.gcode,Base,CR10sPro,Bright Green,28,2.016666667,1,28,2.03
BG-012-5,CR10sPROMSv3-PL-PlayerPieces-RoundMarker-v3-x1-G.gcode,Base,CR10sPro,Bright Green,44,2.983333333,1,44,3
BG-012-5,CR10sPROMSv3-PL-Tanks-Machines-v6-x1.gcode,Base,CR10sPro,Black,47,2.833333333,1,47,2.83
BG-012-5,CR10sPROMSv3-PL-UpgradeCards-v7-x1-O.gcode,Base,CR10sPro,Orange,29,1.7,1,29,1.71
BG-012-5,CR10sPROMSv3-PL-Valuations-v7-x1-O.gcode,Base,CR10sPro,Orange,26,1.583333333,1,26,1.59
BG-012-5,CR10sPROMSv4-PL-EM-MP-NewMarkets-Set-v4-x1.gcode,Base,CR10sPro,Bright Green,47,3.533333333,1,47,3.54
BG-012-5,CR10sPROMSv4-PL-EM-UpgradesValuations v3.gcode,Base,CR10sPro,Orange,29,1.933333333,1,29,1.94
BG-012-5,CR10sPROMSv3-PL-QuadLockCarrier-v2-x3.gcode,Base,CR10sPro,Grey,46,2.7,1,46,2.71
BG-012-5,PL-QuadLock-v1_0.2mm_PLA_CR10SPRO_1h59m.gcode,Base,CR10sPro,Red,26,2.1,1,26,2.1
BG-015-2-GREY,CR10sPROMSv3-SPI-KS-ExpansionMarkers v1-x1.gcode,Base,CR10sPRO,Lt. Blue,42,2.866666667,1,42,2.87
BG-015-2-GREY,CR10sPROMSv3-SPI-KS-HardcorePads v3-x1.gcode,Base,CR10sPRO,Lt. Blue,45,2.95,1,45,2.96
BG-015-2-GREY,CR10sPROMSv3-SPI-KS-ImprovementsGoods v3-x1.gcode,Base,CR10sPRO,White,50,3.233333333,1,50,3.24
BG-015-2-GREY,CR10sPROMSv3-SPI-KS-MP-DirectivesMiniUpgrades-Set-x1.gcode,Base,CR10sPRO,Lt. Blue,45,2.833333333,1,45,2.85
BG-015-2-GREY,CR10sPROMSv3-SPI-KS-TechnologiesPatents v2-x1.gcode,Base,CR10sPRO,White,23,1.466666667,1,23,1.48
BG-015-2-GREY,CR10sPROMSv4-SPI-KS-PlayerTray v2-x1.gcode,Base,CR10sPRO,Grey,92,5.6,5,460,28
BG-015-2-GREY,CR10sPROMSv4-SPI-KS-RetailersMarkersSteve v4-x1.gcode,Base,CR10sPRO,White,46,3,1,46,3.01
BG-015-2-PCMT,CR10sPROMSv3-SPI-KS-ExpansionMarkers v1-x1.gcode,Base,CR10sPRO,Lt. Blue,42,2.866666667,1,42,2.87
BG-015-2-PCMT,CR10sPROMSv3-SPI-KS-HardcorePads v3-x1.gcode,Base,CR10sPRO,Lt. Blue,45,2.95,1,45,2.96
BG-015-2-PCMT,CR10sPROMSv3-SPI-KS-ImprovementsGoods v3-x1.gcode,Base,CR10sPRO,White,50,3.233333333,1,50,3.24
BG-015-2-PCMT,CR10sPROMSv3-SPI-KS-MP-DirectivesMiniUpgrades-Set-x1.gcode,Base,CR10sPRO,Lt. Blue,45,2.833333333,1,45,2.85
BG-015-2-PCMT,CR10sPROMSv3-SPI-KS-TechnologiesPatents v2-x1.gcode,Base,CR10sPRO,White,23,1.466666667,1,23,1.48
BG-015-2-PCMT,CR10sPROMSv4-SPI-KS-PlayerTray v2-x1.gcode,Base,CR10sPRO,Black,92,5.6,1,92,5.6
BG-015-2-PCMT,CR10sPROMSv4-SPI-KS-PlayerTray v2-x1.gcode,Base,CR10sPRO,Blue,92,5.6,1,92,5.6
BG-015-2-PCMT,CR10sPROMSv4-SPI-KS-PlayerTray v2-x1.gcode,Base,CR10sPRO,Green,92,5.6,1,92,5.6
BG-015-2-PCMT,CR10sPROMSv4-SPI-KS-PlayerTray v2-x1.gcode,Base,CR10sPRO,Red,92,5.6,1,92,5.6
BG-015-2-PCMT,CR10sPROMSv4-SPI-KS-PlayerTray v2-x1.gcode,Base,CR10sPRO,Yellow,92,5.6,1,92,5.6
BG-015-2-PCMT,CR10sPROMSv4-SPI-KS-RetailersMarkersSteve v4-x1.gcode,Base,CR10sPRO,White,46,3,1,46,3.01
BG-015-2-WHT,CR10sPROMSv3-SPI-KS-ExpansionMarkers v1-x1.gcode,Base,CR10sPRO,Lt. Blue,42,2.866666667,1,42,2.87
BG-015-2-WHT,CR10sPROMSv3-SPI-KS-HardcorePads v3-x1.gcode,Base,CR10sPRO,Lt. Blue,45,2.95,1,45,2.96
BG-015-2-WHT,CR10sPROMSv3-SPI-KS-ImprovementsGoods v3-x1.gcode,Base,CR10sPRO,White,50,3.233333333,1,50,3.24
BG-015-2-WHT,CR10sPROMSv3-SPI-KS-MP-DirectivesMiniUpgrades-Set-x1.gcode,Base,CR10sPRO,Lt. Blue,45,2.833333333,1,45,2.85
BG-015-2-WHT,CR10sPROMSv3-SPI-KS-TechnologiesPatents v2-x1.gcode,Base,CR10sPRO,White,23,1.466666667,1,23,1.48
BG-015-2-WHT,CR10sPROMSv4-SPI-KS-PlayerTray v2-x1.gcode,Base,CR10sPRO,White,92,5.6,5,460,28
BG-015-2-WHT,CR10sPROMSv4-SPI-KS-RetailersMarkersSteve v4-x1.gcode,Base,CR10sPRO,White,46,3,1,46,3.01
BG-015-3-WHT,CR10sPROMSv3-SPI-RT-GoodsTechnologies v1-x1.gcode,Base,CR10sPRO,White,33,2.2,1,33,2.21
BG-015-3-WHT,CR10sPROMSv3-SPI-RT-Improvements v4-x1.gcode,Base,CR10sPRO,White,40,2.633333333,1,40,2.63
BG-015-3-WHT,CR10sPROMSv4-SPI-RT-PlayerTray v4-x1.gcode,Base,CR10sPRO,White,64,4.016666667,5,320,20.15
BG-015-3-WHT,CR10sPROMSv4-SPI-RT-RetailersMarkersSteve v4-x1.gcode,Base,CR10sPRO,White,42,2.833333333,1,42,2.85
BG-015-3-PCMT,CR10sPROMSv3-SPI-RT-GoodsTechnologies v1-x1.gcode,Base,CR10sPRO,White,33,2.2,1,33,2.21
BG-015-3-PCMT,CR10sPROMSv3-SPI-RT-Improvements v4-x1.gcode,Base,CR10sPRO,White,40,2.633333333,1,40,2.63
BG-015-3-PCMT,CR10sPROMSv4-SPI-RT-PlayerTray v4-x1.gcode,Base,CR10sPRO,Red,64,4.016666667,1,64,4.03
BG-015-3-PCMT,CR10sPROMSv4-SPI-RT-PlayerTray v4-x1.gcode,Base,CR10sPRO,Yellow,64,4.016666667,1,64,4.03
BG-015-3-PCMT,CR10sPROMSv4-SPI-RT-PlayerTray v4-x1.gcode,Base,CR10sPRO,Blue,64,4.016666667,1,64,4.03
BG-015-3-PCMT,CR10sPROMSv4-SPI-RT-PlayerTray v4-x1.gcode,Base,CR10sPRO,Green,64,4.016666667,1,64,4.03
BG-015-3-PCMT,CR10sPROMSv4-SPI-RT-PlayerTray v4-x1.gcode,Base,CR10sPRO,Black,64,4.016666667,1,64,4.03
BG-015-3-PCMT,CR10sPROMSv4-SPI-RT-RetailersMarkersSteve v4-x1.gcode,Base,CR10sPRO,White,42,2.833333333,1,42,2.85
BG-015-4-PCMT,CR10sPROMSv3-SPI-RT-GoodsTechnologies v1-x1.gcode,Base,CR10sPRO,White,33,2.2,1,33,2.21
BG-015-4-PCMT,CR10sPROMSv3-SPI-RT-Improvements v4-x1.gcode,Base,CR10sPRO,White,40,2.633333333,1,40,2.63
BG-015-4-PCMT,CR10sPROMSv4-SPI-RT-PlayerTray v4-x1.gcode,Base,CR10sPRO,Red,64,4.016666667,1,64,4.03
BG-015-4-PCMT,CR10sPROMSv4-SPI-RT-PlayerTray v4-x1.gcode,Base,CR10sPRO,Yellow,64,4.016666667,1,64,4.03
BG-015-4-PCMT,CR10sPROMSv4-SPI-RT-PlayerTray v4-x1.gcode,Base,CR10sPRO,Blue,64,4.016666667,1,64,4.03
BG-015-4-PCMT,CR10sPROMSv4-SPI-RT-PlayerTray v4-x1.gcode,Base,CR10sPRO,Green,64,4.016666667,1,64,4.03
BG-015-4-PCMT,CR10sPROMSv4-SPI-RT-PlayerTray v4-x1.gcode,Base,CR10sPRO,Black,64,4.016666667,1,64,4.03
BG-015-4-PCMT,CR10sPROMSv4-SPI-RT-RetailersMarkersSteve v4-x1.gcode,Base,CR10sPRO,White,42,2.833333333,1,42,2.85
BG-015-4-PCMT,CR10sPROMSv4-SPI-RT-MP-Expansion Pack-x1,Base,CR10sPRO,Lt. Blue,68,4.083333333,1,68,4.08
BG-013-1-STD,CR10sPROMSv4-WS-CRE-V2-x1.gcode,Base,CR10sPRO,Red,35,2.35,1,35,2.36
BG-013-1-STD,CR10sPROMSv4-WS-LargeBase-v2b-x1.gcode,Base,CR10sPRO,Red,107,6.883333333,1,107,6.9
BG-013-1-STD,CR10sPROMSv4-WS-PlayerDice-IncomeMarker-v3-x1.gcode,Base,CR10sPRO,Grey,18,1.15,1,18,1.16
BG-013-1-STD,CR10sPROMSv4-WS-PlayerDice-IncomeMarker-v3-x3.gcode,Supplementary,CR10sPRO,Grey,53,3.316666667,1,53,3.32
BG-015-4-PCMT,CR10sPROMSv4-SPI-RT-CEOs-B v2-x1,Supplementary,CR10sPRO,Lt. Blue,24,1.416666667,1,24,1.42
BG-015-4-PCMT,CR10sPROMSv4-SPI-RT-Directives-v3-x1,Supplementary,CR10sPRO,Lt. Blue,18,1.116666667,2,36,2.24
BG-015-4-PCMT,CR10sPROMSv4-SPI-RT-Technologies v1-x1,Supplementary,CR10sPRO,Lt. Blue,10,0.816666667,1,10,0.82
BG-019-1-STD,CR10sPROMSv4-ROS-Plunder-B_v2.gcode,Base,CR10sPRO,Tan,28,1.633333333,1,28,1.64
BG-019-1-STD,CR10sPROMSv4-ROS-Cards-Animals-Heroes_v5-x1.gcode,Base,CR10sPRO,Olive Green,16,1.3,1,16,1.31
BG-019-1-STD,CR10sPROMSv4-ROS-Cards-Crew_v7-slotwall.gcode,Base,CR10sPRO,Olive Green,21,1.6,1,21,1.61
BG-019-1-STD,CR10sPROMSv4-ROS-Workers-Dice-Markers_v1-x1.gcode,Base,CR10sPRO,Tan,58,3.583333333,1,58,3.59
BG-019-1-STD,CR10sPROMSv4-ROS-Quests_v4-x1.gcode,Base,CR10sPRO,Tan,21,1.2,1,21,1.21
BG-019-1-STD,CR10sPROMSv4-ROS-Provisions-Kumis-Wounds-Silver_v2-x1.gcode,Base,CR10sPRO,Olive Green,63,3.95,1,63,3.96
BG-019-1-STD,CR10sPROMSv4-ROS-Cards-AI_v4-x3.gcode,Base,CR10sPRO,True Red,40,2.45,1,40,2.46
BG-019-1-STD,CR10sPROMSv4-ROS-MP-Prep-Set.gcode,Supplementary,CR10sPRO,Tan,105,6.4,1,105,6.4
BG-020-1-GREY,CR10sPROMSv4-WD-MP-PlayerPieces-Set-v9.gcode,Base,CR10sPRO,Grey,101,5.833333333,1,101,5.85
BG-020-1-GREY,CR10sPROMSv4-WD-PlayerPieces-NE-v9.gcode,Supplementary,CR10sPRO,Grey,26,1.366666667,1,26,1.37
BG-020-1-GREY,CR10sPROMSv4-WD-PlayerPieces-NW-v9.gcode,Supplementary,CR10sPRO,Grey,26,1.366666667,1,26,1.37
BG-020-1-GREY,CR10sPROMSv4-WD-PlayerPieces-SW-v9.gcode,Supplementary,CR10sPRO,Grey,26,1.366666667,1,26,1.37
BG-020-1-GREY,CR10sPROMSv4-WD-PlayerPieces-SE-v9.gcode,Supplementary,CR10sPRO,Grey,26,1.366666667,1,26,1.37
BG-020-1-TRED,CR10sPROMSv4-WD-MP-PlayerPieces-Set-v9.gcode,Base,CR10sPRO,True Red,101,5.833333333,1,101,5.85
BG-020-1-TRED,CR10sPROMSv4-WD-PlayerPieces-NE-v9.gcode,Supplementary,CR10sPRO,True Red,26,1.366666667,1,26,1.37
BG-020-1-TRED,CR10sPROMSv4-WD-PlayerPieces-NW-v9.gcode,Supplementary,CR10sPRO,True Red,26,1.366666667,1,26,1.37
BG-020-1-TRED,CR10sPROMSv4-WD-PlayerPieces-SW-v9.gcode,Supplementary,CR10sPRO,True Red,26,1.366666667,1,26,1.37
BG-020-1-TRED,CR10sPROMSv4-WD-PlayerPieces-SE-v9.gcode,Supplementary,CR10sPRO,True Red,26,1.366666667,1,26,1.37
BG-020-1-BLK,CR10sPROMSv4-WD-MP-PlayerPieces-Set-v9.gcode,Base,CR10sPRO,Black,101,5.833333333,1,101,5.85
BG-020-1-BLK,CR10sPROMSv4-WD-PlayerPieces-NE-v9.gcode,Supplementary,CR10sPRO,Black,26,1.366666667,1,26,1.37
BG-020-1-BLK,CR10sPROMSv4-WD-PlayerPieces-NW-v9.gcode,Supplementary,CR10sPRO,Black,26,1.366666667,1,26,1.37
BG-020-1-BLK,CR10sPROMSv4-WD-PlayerPieces-SW-v9.gcode,Supplementary,CR10sPRO,Black,26,1.366666667,1,26,1.37
BG-020-1-BLK,CR10sPROMSv4-WD-PlayerPieces-SE-v9.gcode,Supplementary,CR10sPRO,Black,26,1.366666667,1,26,1.37
BG-020-1-WHT,CR10sPROMSv4-WD-MP-PlayerPieces-Set-v9.gcode,Base,CR10sPRO,White,101,5.833333333,1,101,5.85
BG-020-1-WHT,CR10sPROMSv4-WD-PlayerPieces-NE-v9.gcode,Supplementary,CR10sPRO,White,26,1.366666667,1,26,1.37
BG-020-1-WHT,CR10sPROMSv4-WD-PlayerPieces-NW-v9.gcode,Supplementary,CR10sPRO,White,26,1.366666667,1,26,1.37
BG-020-1-WHT,CR10sPROMSv4-WD-PlayerPieces-SW-v9.gcode,Supplementary,CR10sPRO,White,26,1.366666667,1,26,1.37
BG-020-1-WHT,CR10sPROMSv4-WD-PlayerPieces-SE-v9.gcode,Supplementary,CR10sPRO,White,26,1.366666667,1,26,1.37
BG-021-1-BEIGE,CR10sPROMSv4-FRN-GS-MP-Cards-Bidding-Set-x1.gcode,Base,CR10sPRO,Black,87,5.066666667,1,87,5.07
BG-021-1-BEIGE,CR10sPROMSv4-FRN-GS-MP-Cash-Resource-Multipliers-Set-x1.gcode,Base,CR10sPRO,Grey,116,7.366666667,1,116,7.37
BG-021-1-BEIGE,CR10sPROMSv4-FRN-GS-MP-PlayerMarkersRound-Set-x1.gcode,Base,CR10sPRO,Black,42,2.883333333,1,42,2.89
BG-021-1-BEIGE,CR10sPROMSv4-FRN-GS-BoxBase v3.gcode,Base,CR10sPRO,Beige,92,5.283333333,1,92,5.29
BG-021-1-BEIGE,CR10sPROMSv4-FRN-GS-BoxLid v3.gcode,Base,CR10sPRO,Beige,95,5.516666667,1,95,5.52
BG-021-1-BEIGE,CR10sPROMSv4-FRN-GS-Bidding v3.gcode,Supplementary,CR10sPRO,Black,52,3,1,52,3.01
BG-021-1-BEIGE,CR10sPROMSv4-FRN-GS-PlayerMarkerTray v7.gcode,Supplementary,CR10sPRO,Black,17,1.233333333,1,17,1.24
BG-021-1-BEIGE,CR10sPROMSv4-FRN-GS-RoundFirstPlayer-PlayerMarkers v5.gcode,Supplementary,CR10sPRO,Black,30,2,1,30,2
BG-021-1-BEIGE,CR10sPROMSv4-FRN-GS-MultipliersExtraStore v2.gcode,Supplementary,CR10sPRO,Grey,24,1.483333333,1,24,1.5
BG-021-2-BEIGE,CR10sPROMSv4-FRN-GS-MP-Cards-Bidding-Set-x1.gcode,Base,CR10sPRO,Black,87,5.066666667,1,87,5.07
BG-021-2-BEIGE,CR10sPROMSv4-FRN-GS-MP-Cash-Resource-Multipliers-Set-x1.gcode,Base,CR10sPRO,Grey,116,7.366666667,1,116,7.37
BG-021-2-BEIGE,CR10sPROMSv4-FRN-GS-MP-PlayerMarkersRound-Set-x1.gcode,Base,CR10sPRO,Black,42,2.883333333,1,42,2.89
BG-021-2-BEIGE,CR10sPROMSv4-FRN-GS-BoxBase v3.gcode,Base,CR10sPRO,Beige,92,5.283333333,1,92,5.29
BG-021-2-BEIGE,CR10sPROMSv4-FRN-GS-BoxLid v3.gcode,Base,CR10sPRO,Beige,95,5.516666667,1,95,5.52
BG-021-2-BEIGE,CR10sPROMSv4-FRN-Rsrc-Coal-NuggetA2-x25-012lyr-60mm.gcode,Base,CR10sPRO,Black,11,1.65,2,22,3.32
BG-021-2-BEIGE,CR10sPROMSv4-FRN-Rsrc-Iron-B v2-x25-012layer-60mms.gcode,Base,CR10sPRO,Lt. Blue,12,1.666666667,1,12,1.68
BG-021-2-BEIGE,CR10sPROMSv4-FRN-Rsrc-Oil v11-09mmdia-x20-012layer-60mms.gcode,Base,CR10sPRO,Yellow,11,2.633333333,1,11,2.64
BG-021-2-BEIGE,CR10sPROMSv4-FRN-Rsrc-Upgrade-B v3-x15-012layer-60mms-cc.gcode,Base,CR10sPRO,Tan/TrueRed/Black,10,2.533333333,1,10,2.55
BG-021-2-BEIGE,CR10sPROMSv4-FRN-GS-Bidding v3.gcode,Supplementary,CR10sPRO,Black,52,3,1,52,3.01
BG-021-2-BEIGE,CR10sPROMSv4-FRN-GS-PlayerMarkerTray v7.gcode,Supplementary,CR10sPRO,Black,17,1.233333333,1,17,1.24
BG-021-2-BEIGE,CR10sPROMSv4-FRN-GS-RoundFirstPlayer-PlayerMarkers v5.gcode,Supplementary,CR10sPRO,Black,30,2,1,30,2
BG-021-2-BEIGE,CR10sPROMSv4-FRN-GS-MultipliersExtraStore v2.gcode,Supplementary,CR10sPRO,Grey,24,1.483333333,1,24,1.5
BG-021-1-BLK,CR10sPROMSv4-FRN-GS-MP-Cards-Bidding-Set-x1.gcode,Base,CR10sPRO,Black,87,5.066666667,1,87,5.07
BG-021-1-BLK,CR10sPROMSv4-FRN-GS-MP-Cash-Resource-Multipliers-Set-x1.gcode,Base,CR10sPRO,Grey,116,7.366666667,1,116,7.37
BG-021-1-BLK,CR10sPROMSv4-FRN-GS-MP-PlayerMarkersRound-Set-x1.gcode,Base,CR10sPRO,Black,42,2.883333333,1,42,2.89
BG-021-1-BLK,CR10sPROMSv4-FRN-GS-BoxBase v3.gcode,Base,CR10sPRO,Black,92,5.283333333,1,92,5.29
BG-021-1-BLK,CR10sPROMSv4-FRN-GS-BoxLid v3.gcode,Base,CR10sPRO,Black,95,5.516666667,1,95,5.52
BG-021-1-BLK,CR10sPROMSv4-FRN-GS-Bidding v3.gcode,Supplementary,CR10sPRO,Black,52,3,1,52,3.01
BG-021-1-BLK,CR10sPROMSv4-FRN-GS-PlayerMarkerTray v7.gcode,Supplementary,CR10sPRO,Black,17,1.233333333,1,17,1.24
BG-021-1-BLK,CR10sPROMSv4-FRN-GS-RoundFirstPlayer-PlayerMarkers v5.gcode,Supplementary,CR10sPRO,Black,30,2,1,30,2
BG-021-1-BLK,CR10sPROMSv4-FRN-GS-MultipliersExtraStore v2.gcode,Supplementary,CR10sPRO,Grey,24,1.483333333,1,24,1.5
BG-021-2-BLK,CR10sPROMSv4-FRN-GS-MP-Cards-Bidding-Set-x1.gcode,Base,CR10sPRO,Black,87,5.066666667,1,87,5.07
BG-021-2-BLK,CR10sPROMSv4-FRN-GS-MP-Cash-Resource-Multipliers-Set-x1.gcode,Base,CR10sPRO,Grey,116,7.366666667,1,116,7.37
BG-021-2-BLK,CR10sPROMSv4-FRN-GS-MP-PlayerMarkersRound-Set-x1.gcode,Base,CR10sPRO,Black,42,2.883333333,1,42,2.89
BG-021-2-BLK,CR10sPROMSv4-FRN-GS-BoxBase v3.gcode,Base,CR10sPRO,Black,92,5.283333333,1,92,5.29
BG-021-2-BLK,CR10sPROMSv4-FRN-GS-BoxLid v3.gcode,Base,CR10sPRO,Black,95,5.516666667,1,95,5.52
BG-021-2-BLK,CR10sPROMSv4-FRN-Rsrc-Coal-NuggetA2-x25-012lyr-60mm.gcode,Base,CR10sPRO,Black,11,1.65,2,22,3.32
BG-021-2-BLK,CR10sPROMSv4-FRN-Rsrc-Iron-B v2-x25-012layer-60mms.gcode,Base,CR10sPRO,Lt. Blue,12,1.666666667,1,12,1.68
BG-021-2-BLK,CR10sPROMSv4-FRN-Rsrc-Oil v11-09mmdia-x20-012layer-60mms.gcode,Base,CR10sPRO,Yellow,11,2.633333333,1,11,2.64
BG-021-2-BLK,CR10sPROMSv4-FRN-Rsrc-Upgrade-B v3-x15-012layer-60mms-cc.gcode,Base,CR10sPRO,Tan/TrueRed/Black,10,2.533333333,1,10,2.55
BG-021-2-BLK,CR10sPROMSv4-FRN-GS-Bidding v3.gcode,Supplementary,CR10sPRO,Black,52,3,1,52,3.01
BG-021-2-BLK,CR10sPROMSv4-FRN-GS-PlayerMarkerTray v7.gcode,Supplementary,CR10sPRO,Black,17,1.233333333,1,17,1.24
BG-021-2-BLK,CR10sPROMSv4-FRN-GS-RoundFirstPlayer-PlayerMarkers v5.gcode,Supplementary,CR10sPRO,Black,30,2,1,30,2
BG-021-2-BLK,CR10sPROMSv4-FRN-GS-MultipliersExtraStore v2.gcode,Supplementary,CR10sPRO,Grey,24,1.483333333,1,24,1.5
BG-021-3,CR10sPROMSv4-FRN-Rsrc-Coal-NuggetA2-x25-012lyr-60mm.gcode,Base,CR10sPRO,Black,11,1.65,2,22,3.32
BG-021-3,CR10sPROMSv4-FRN-Rsrc-Iron-B v2-x25-012layer-60mms.gcode,Base,CR10sPRO,Lt. Blue,12,1.666666667,1,12,1.68
BG-021-3,CR10sPROMSv4-FRN-Rsrc-Oil v11-09mmdia-x20-012layer-60mms.gcode,Base,CR10sPRO,Yellow,11,2.633333333,1,11,2.64
BG-021-3,CR10sPROMSv4-FRN-Rsrc-Upgrade-B v3-x15-012layer-60mms-cc.gcode,Base,CR10sPRO,Tan/TrueRed/Black,10,2.533333333,1,10,2.55
